ColumnX	ColumnY
33.45747982619491	2.43662610902231e7
39.54065797641217	5.3642735824296e8
45.62383612662943	1.18123759783327e10
51.707014276846685	2.6018063616114e11