ColumnX	ColumnY
18.249534450651772	1.09202512878645e6
24.332712600869026	1.12200915918892e8
30.415890751086284	1.15338845070985e10
36.499068901303545	1.18630445140718e12