ColumnX	ColumnY
3.0415890751086283	22.0658632967502
15.207945375543142	5.0234551952533e6
21.2911235257604	2.39981208954272e9