ColumnX	ColumnY
0.6042855	0.004285714285714285
0.805714	0.005442176870748299
1.208571	0.008684324793747285
1.611428	0.01020408163265306
2.417142	0.012755102040816325