ColumnX	ColumnY
0.00039253211145995337	1
0.0004888068492499009	1
0.0005801458098000367	1
