ColumnX	ColumnY
1.74787810755282	2
0.13480904112725	2
0.06589403048824005	2
0.01236283378569003	2
0.003617625736819896	2
0.0024371472043100972	2
0.0018191492387600317	2